id;date;organization_name;location;activity_name;description;no_of_participants;time;mobile_no;email_id;contact_person;comments;profile_photo_type;signature_image_type;status;last_modified;last_modified_by;free_field_1;free_field_2;free_field_3;free_field_4;free_field_5;free_field_6;free_field_7;free_field_8;free_field_9;free_field_10;free_field_11;free_field_12
1;2023-10-18T17:18:06;phew;flat meh whenever;gee upon always;furthermore;24817;fibroblast management calculus;22410;substantial violent;extirpate objectify aside;questionnaire;coffee whether;cautious yawl gee;loftily quickly so;2023-10-17T21:50:54;astride;vainly versus;platter finally;eagle;how following glistening;26043;25735;2023-10-18T07:01:09;2023-10-18T14:07:58;true;true;false;true
2;2023-10-18T11:09:37;huzzah wherever;tenderly perky yuck;beneath between;favorite;2449;ah cloak trigger;16209;fine given;whirr disclaimer;afterwards;recklessly wherever;oh conjure;brightly synod;2023-10-18T09:12:37;grave;woefully now apropos;over;kebab before;irrupt over meager;30836;29945;2023-10-18T08:37:23;2023-10-18T09:45:59;true;false;false;true
3;2023-10-17T19:19:29;geez generally gladly;minus athwart gall;on;joint since against;2660;immediately;12920;inferior brr;enrapture as;where;crossly vitrify;tough round footwear;circa;2023-10-18T16:05:07;through above centre;confused instead phew;quaintly questioningly psst;educated inflame;accord wherever;1689;18242;2023-10-18T16:18:39;2023-10-18T05:55:39;false;false;true;true
4;2023-10-18T07:04:24;evergreen whose;highly leafy;fidget yieldingly insulation;slope phooey;20526;frightened incomparable inasmuch;17114;acrobatic incidentally;meh than dearly;at educated;correctly;worthy of even;jaggedly and excluding;2023-10-18T13:58:49;those;positively ugh;phooey;ah friendship;through;25296;25724;2023-10-17T21:33:03;2023-10-17T22:56:09;false;true;false;false
5;2023-10-18T01:48:36;dwarf finally worthless;gee close;ah ouch meh;if;20866;competent recklessly glimmering;24883;whoever;perfumed aboard;nominalize;amid;cogitate gleefully;bliss ovary lapdog;2023-10-17T19:24:41;syrup whether notoriety;too given;next;because;vice audience;27320;16547;2023-10-18T08:52:34;2023-10-18T03:12:37;false;false;true;true
6;2023-10-17T19:00:27;packetise;lest;mmm after in;ick glimmering boldly;21412;vengeful long amid;28750;unless finally reluctantly;monger;metric around;thunder;furthermore alongside;honestly enlarge;2023-10-17T23:06:03;outvote ha or;quizzically sofa even;mmm inquisitively;from gee likewise;forever woefully;3944;19174;2023-10-18T15:00:07;2023-10-18T10:04:05;true;false;false;false
7;2023-10-18T17:21:40;so;pace barring;payment whether;before inside grounded;12700;yahoo;1371;abaft alias;exciting frightfully;shady;and profuse;sophisticated biodegradable;consequently almanac bubble;2023-10-18T14:07:49;flap;adorable;upon sturdy busily;cirrus mutton unaccountably;sans infringe apropos;13310;23118;2023-10-18T14:46:18;2023-10-18T05:33:29;true;true;false;true
8;2023-10-18T08:09:43;gadzooks likewise;warmly;vivaciously;tomorrow;1265;near pale;23433;bah flowery loosen;vacant;quaintly day sometimes;flower oh;duh;if;2023-10-18T12:04:35;urgently marmalade certificate;even;psst hm;instantly;succor youthfully eek;22204;29140;2023-10-17T21:22:50;2023-10-18T15:22:00;true;true;true;false
9;2023-10-18T11:22:50;alarmed;before above;unless;wrench;26406;little among estrogen;44;gamma-ray;quick;questioningly;petty;sometimes gee bike;a except gland;2023-10-18T16:07:43;midst for pasture;traffic appliance brr;onto landscape likewise;proposition;subdued oh;13236;5763;2023-10-18T03:38:10;2023-10-18T07:58:01;true;false;true;true
10;2023-10-18T06:33:35;forenenst lost ick;alter qua;reconnect instead but;below peninsula irk;21251;consequently blah;27350;belly although;drafty;submissive;deeply nursery even;boohoo;meanwhile above;2023-10-18T09:22:38;homely;demolish gosh;physically;upbeat;yowza crossly;13397;30992;2023-10-18T07:53:09;2023-10-18T00:56:37;true;true;true;true
