id;title;full_name;gender;nationality;country_of_residence;date_of_birth;citizenship;mobile_no;email_id;emergency_contact_name;emergency_contact_relationship;emergency_contact_no;country_code_one;country_code_two;nationality_one;country_of_birth;city_of_residence;state_of_residence;district_of_residence;departure_date;departure_place;arrival_date;arrival_place;status;last_modified;last_modified_by;is_tax_receipt;profile_photo_content_type;passport_image_content_type;conference_name;free_field_1;free_field_2;free_field_3;free_field_4;free_field_5;free_field_6;free_field_7;free_field_8;free_field_9;free_field_10
1;drat ah;wealth willingness;MALE;female when ally;fantasy what;2023-10-18;diagram ophthalmologist;11087;into flawless;repossess;tradition;20070;of;believe;meh;eek;officially diaphragm;ew trail yum;consequence who thoroughly;2023-10-17T21:24:39;inside passivize;2023-10-17T20:20:45;endanger however yuck;puzzling apud chin;2023-10-18T12:13:10;cheerful quickly cohesion;false;gigantic why since;awful heal impeach;growl;supposing ack behind;near all sticky;ick;hmph where;3016;7343;2023-10-17T18:56:51;2023-10-18T01:01:17;false;false
2;midst next hiss;er pick boldly;MALE;yuck gopher silver;likewise nice;2023-10-18;statistic;26382;unleash tragic;grimace lazily;incidentally why including;1386;why excluding considering;blank tavern;yet given;why outback;hungrily boo;reflate;rarely;2023-10-18T17:49:09;enigma;2023-10-18T18:39:16;limb;hard-to-find extraneous;2023-10-18T13:41:53;gosh deeply;true;fondly unless;neglect;record congregation including;eagle pushy;ack;as;aboard subcomponent mortally;2980;3623;2023-10-18T18:00:56;2023-10-17T21:36:21;false;false
3;cheerfully;boo betide;MALE;closely while;royal;2023-10-17;toaster grown;5048;muster seemingly;music-box;skyscraper;3118;foolishly eventually;beside authentic ack;slow astride;pharmacopoeia;deteriorate gosh;accomplished yahoo anenst;what;2023-10-18T05:22:43;brisk;2023-10-18T16:36:43;sometimes squeaky fooey;athwart since evenly;2023-10-18T01:13:48;probe;false;closely unabashedly unto;why;wonderful notwithstanding;yippee;why scotch zowie;middleman while;toward;5877;30373;2023-10-18T09:42:27;2023-10-18T02:30:15;false;true
4;provided unhand;far-flung to gall-bladder;MALE;loudly which;directive softly stripe;2023-10-17;diligently;10014;indeed;incomparable;geez;11921;worth;upbeat especially upbeat;as thunder neatly;sauerkraut;of;hence unknown sardonic;unnaturally quickly;2023-10-18T04:28:11;now;2023-10-18T11:45:49;afore fervently nor;neuron;2023-10-18T17:23:27;wave whose;false;nor healthily coaxingly;unaccountably;considering apropos;minute ritual saloon;appreciation;kid irritably vastly;aw;26169;8968;2023-10-18T15:46:59;2023-10-18T11:37:44;false;false
5;rigidly;supplement phew seriously;FEMALE;beetle even inasmuch;besides buzzing tenderly;2023-10-18;vaguely accounting;6865;scratch reassuringly;how until vice;vaguely;1525;qua vice;prize positively;kindly;solitaire past near;rapidly essential;yippee fret;introduction underplay yahoo;2023-10-18T08:18:14;whose;2023-10-18T09:47:32;deepen than;aboard riding;2023-10-18T01:21:32;off plus within;true;underspend like loftily;disenfranchise sideboard domain;blah;blissfully piggyback;yum hole spike;violently psst;mid plus;29492;10703;2023-10-18T14:58:42;2023-10-18T13:40:54;true;true
6;yahoo that;wag;OTHER;ambulance;overdue;2023-10-18;without lest frivolous;18085;leach;questioningly beside sheepishly;during phew;12797;hop mmm;sham complete turbulent;lyre supposing;not;amongst;bum;victoriously buzzing;2023-10-18T16:15:05;modest eek scarily;2023-10-17T20:11:10;between;extrapolate fatally upbeat;2023-10-17T21:02:47;worse;false;but furl;full knavishly;phew which;pish through so;in;beyond yippee zesty;news banana;13018;28763;2023-10-18T10:23:07;2023-10-18T14:18:22;false;false
7;worship;smart nor;FEMALE;within unfortunately paraphrase;next rattle inwardly;2023-10-18;mascara countess aw;21291;relieved tune-up briefly;wassail per furthermore;attorney huzzah;17574;mmm the before;upon;across;ick tough;absentmindedly hello;famous;lumbering exercise;2023-10-17T20:25:55;ground;2023-10-18T07:48:39;intently who except;documentary that or;2023-10-17T19:41:37;hmph correctly upgrade;true;um knavishly required;curiously too;dining spawn;damp glistening;spot;dim suspicious turnip;hm brr;15270;25795;2023-10-18T03:25:40;2023-10-17T19:34:40;false;true
8;sprint aw;unbearably;OTHER;gazebo wet declutter;overthrow;2023-10-18;frankly beside stealthily;15739;yowza psst at;fussy wherever;pomegranate hm and;10689;bandwidth overlooked advanced;since reconnect;loudly serpentine;thankfully punctually;vestment qualified;arrogantly;once ouch;2023-10-18T09:24:20;consequently er probable;2023-10-18T00:51:10;within enrage questionably;outside green fries;2023-10-18T01:18:41;yearly oily;true;times after;tall;yellow mundane;woot;surge victoriously;how underneath;where gearshift whose;8939;6248;2023-10-18T16:14:09;2023-10-18T01:49:34;true;false
9;gracious finally hopelessly;trellis;OTHER;powerfully;over resurface;2023-10-18;colorful jealously after;10567;royal underneath;questioningly after;proximal incomparable;23424;monthly hmph;mortally;zowie;during circa tremendously;scratchy revolving;wreck stock-in-trade limp;author utterly yummy;2023-10-18T07:55:28;to workout bah;2023-10-18T18:52:35;when;inside rudely cut;2023-10-17T23:33:23;pfft boohoo what;false;brr minus;recede marshal shady;denigrate via clench;recommendation between ha;obediently because actually;notwithstanding squabble;weasel thoughtfully;22059;19607;2023-10-18T09:40:34;2023-10-18T13:16:52;false;true
10;even;smarten save reign;OTHER;uh-huh;outstrip free;2023-10-18;past gee afore;11778;anxiously boldly judgementally;up skinny;motion joust;28072;noisy meh meh;joshingly;private belfry;acquit bewitched;woot anti bankbook;incidentally absent;meh gratefully;2023-10-18T09:16:37;testy;2023-10-17T19:57:06;whose genuine communication;hundred likewise;2023-10-17T23:49:00;definitive until gosh;true;in equal;helpful brisk cautiously;grid;wisely;wriggle elf;likewise from;goggles;15917;17929;2023-10-18T15:42:12;2023-10-18T02:17:44;false;false
