id;date;name;description;location;rent;email_id;contact_person;status;last_modified;last_modified_by;free_field_1;free_field_2;free_field_5;free_field_6;free_field_7;free_field_8;free_field_9;free_field_10
1;2023-10-18T11:49:16;alongside redound;wherever;how undercut continent;4036.21;woot lightscreen;senator plenty;but once;2023-10-18T11:10:12;till of;ouch usually;shoulder uh-huh overconfidently;7074;2327;2023-10-18T04:36:10;2023-10-18T10:51:16;true;true
2;2023-10-18T18:12:01;dinner beside squiggly;joyously although amusing;absent sometimes;4892.62;strong oof so;incapacitate kaleidoscopic;yippee;2023-10-18T11:08:54;paramedic;circadian coincidence mid;abaft ready faithfully;3277;23780;2023-10-18T06:25:06;2023-10-18T16:34:06;true;false
3;2023-10-18T05:21:19;daily provided despite;off-ramp ah brr;outfielder yesterday;22906.87;joshingly seemingly;kaleidoscopic regularly;waver;2023-10-18T15:06:39;conditioner transcribe;yet retract;thrifty likewise;18753;18953;2023-10-18T15:50:38;2023-10-18T10:43:39;true;false
4;2023-10-18T18:32:51;under never;ha;dreamily mmm;975.24;very buff;overhaul generally plight;around whether or;2023-10-17T22:24:16;failing retreat;via;produce twitter;17563;32689;2023-10-18T10:36:24;2023-10-17T23:05:46;false;false
5;2023-10-18T09:54:43;superb modulo wide;whenever oh boo;impressive;28961.75;how huzzah overhead;as regularly ah;though wearily;2023-10-18T14:53:59;strum;mmm phooey;noted;30245;10626;2023-10-18T16:45:15;2023-10-18T10:51:57;true;true
6;2023-10-18T12:33:41;ah till drat;ick meanwhile wetly;lest id spiteful;5300.94;after;anthologise weird;towards identical than;2023-10-17T20:19:01;heavily before;because soon leaflet;bowling drown;27681;29513;2023-10-18T09:50:45;2023-10-18T16:39:38;false;true
7;2023-10-18T09:39:43;meh;ferociously apud er;tweet yummy;5261.77;flight within till;foregather unless whenever;um whereas retrospective;2023-10-18T17:57:01;onto;ew;carouse provided;2117;4427;2023-10-17T21:56:33;2023-10-17T23:50:02;false;true
8;2023-10-18T04:27:37;strictly shiny;merrily ouch wren;whoa honeymoon;12863.4;where;gah for hmph;dominate hourly;2023-10-18T12:08:18;boo;linear;can among;25257;2875;2023-10-17T23:06:26;2023-10-18T15:35:32;false;true
9;2023-10-18T17:38:21;coo;pristine;geez;7824.05;astride anguish whether;bustle;until that impish;2023-10-17T21:30:26;flippant rampage yearly;negative hmph;fibre ick exocrine;23583;21465;2023-10-18T01:31:43;2023-10-18T14:02:20;false;false
10;2023-10-18T11:51:34;turbulent nor honoree;unless;gah;4243.6;supposing righteously substantiate;layer during separately;however across;2023-10-18T00:47:23;ha;bronze downfall;blah whoa;11367;426;2023-10-18T09:27:03;2023-10-18T16:44:12;false;false
