id;date;name;description;product;product_size;price;email_id;contact_person;status;last_modified;last_modified_by;free_field_1;free_field_2;free_field_5;free_field_6;free_field_7;free_field_8;free_field_9;free_field_10
1;2023-10-18T05:34:26;subtract hood;ligand lyocell across;helplessly;attractive;29443.18;previous psst in;meh nor;sizzling once;2023-10-18T16:48:32;languish supposing proofread;inasmuch endow velocity;regionalism;20756;27364;2023-10-18T00:24:17;2023-10-18T09:32:15;true;true
2;2023-10-18T07:37:33;precedent tremendous;though unkempt;before than whoever;seeder antagonize lest;22189.86;without supposing er;disintegrate boogie trowel;uh-huh above rigidly;2023-10-18T05:05:13;hospitalize sans versus;by remonstrate during;beyond unhinge;27850;28581;2023-10-18T14:54:23;2023-10-18T15:35:29;false;true
3;2023-10-18T03:02:00;whack noisily;through fooey pilaf;seriously;pish;21572.91;phooey;page dictate until;for;2023-10-18T04:20:59;silky glaze mostly;vapid oof manifest;verb ha;18084;7281;2023-10-18T05:00:07;2023-10-17T21:45:27;true;false
4;2023-10-18T04:18:39;overrun plus drat;underneath reinterpret predicate;yippee;sinful;27671.3;airbrush loathsome;soundness delightful rarely;lest;2023-10-18T07:37:50;except faithful when;savior save round;into yippee;30960;8614;2023-10-18T06:08:41;2023-10-18T14:15:03;true;true
5;2023-10-17T23:20:31;hummus sweetly onto;material rename regal;sternly;imaginative what chit-chat;8098.84;beauty;sturdy blush;disallow aboard;2023-10-18T07:43:28;pfft;woolens where;warfare roughly yippee;21628;13099;2023-10-18T12:04:34;2023-10-18T01:44:39;false;false
6;2023-10-18T04:54:39;woefully white excepting;trinket upon;since though;fiercely;18942.47;save;so;a;2023-10-18T08:34:22;miserable afore;ouch;outgun;2916;28355;2023-10-18T13:59:36;2023-10-18T03:29:06;false;true
7;2023-10-18T12:31:16;close;pro since sleepily;searchingly;reprimand than tinted;20455.57;officially oh;through;hm;2023-10-18T09:21:55;witch don gosh;excoriate err;naturally yum seemingly;7412;31573;2023-10-18T05:26:32;2023-10-18T10:05:09;true;true
8;2023-10-18T05:24:26;reproachfully argue eyeball;ouch idle supposing;silo drift brr;stupendous;9798.42;beyond eek;ack kiddingly coaxingly;above mousse;2023-10-18T02:31:06;growing sans provided;mama sheepishly;millet;17635;12340;2023-10-18T01:31:32;2023-10-18T15:56:06;false;true
9;2023-10-17T21:02:17;hm;ignorant;sledge um;unfasten inside finally;16228.37;minus ick;always decimate exciting;wrongly who;2023-10-18T01:04:35;hyphenation offer beyond;circulation but content;overgraze surmise lard;28512;30799;2023-10-17T23:03:29;2023-10-18T00:30:16;false;true
10;2023-10-18T13:23:59;through energetically which;behind;but regularize lest;given;21227.4;placement boohoo mantle;lopsided;yearly;2023-10-18T09:32:48;of tomorrow what;blind strictly authentic;ouch;21327;13293;2023-10-18T10:46:57;2023-10-18T12:26:31;true;false
